,station_x,2019,2022,pct_19in22
16,Oak Park (Blue Line),504438,164142,32.53957869946356
100,Monroe (Red Line),2900809,988180,34.065669266745935
72,Monroe (Blue Line),2268194,818687,36.09422298092667
51,Jackson (Red Line),2601587,959018,36.86280720191176
35,"Clark/Lake (Blue, Brown, Green, Orange, Purple & Pink lines)",5830767,2220778,38.08723620751781
