,station_x,2019,2022,pct_19in22
95,Kedzie (Pink Line),325089,213900,65.79736625970119
18,Damen (Pink Line),463277,311301,67.195435991858
40,California (Pink Line),431296,290906,67.44926917940347
67,Western (Pink Line),331454,223641,67.47271114543798
137,Morgan (Green & Pink lines),1105090,789585,71.44983666488702
